id,split,use_case,language,channel,latency_budget_ms,prompt,tools,gold_task,gold_difficulty,gold_out_tokens,gold_out_script,gold_checks,note
H01,heldout,disposition_tagging,English,text,,"Pick one disposition code from: payment_dispute, card_block, loan_query, kyc_update, complaint, info_only. Reply with only the code.
Customer: I see a charge of Rs 4,999 on my credit card from a merchant I don't recognise.",,classify,1,3,,"[{""type"": ""label"", ""value"": ""payment_dispute""}]",
H02,heldout,disposition_tagging,English,text,,"Pick one disposition code from: payment_dispute, card_block, loan_query, kyc_update, complaint, info_only. Reply with only the code.
Customer: I lost my debit card at the mall, please block it right now.",,classify,1,3,,"[{""type"": ""label"", ""value"": ""card_block""}]",
H03,heldout,disposition_tagging,English,text,,"Pick one disposition code from: payment_dispute, card_block, loan_query, kyc_update, complaint, info_only. Reply with only the code.
Customer: I just wanted to know the prepayment charges on my home loan.",,classify,1,3,,"[{""type"": ""label"", ""value"": ""loan_query""}]",
H04,heldout,disposition_tagging,Hindi,text,,"इनमें से एक कोड चुनें: payment_dispute, card_block, loan_query, kyc_update, complaint, info_only. सिर्फ़ कोड लिखें।
ग्राहक: मेरा पता बदल गया है, KYC में नया पता कैसे अपडेट करूँ?",,classify,1,3,,"[{""type"": ""label"", ""value"": ""kyc_update""}]",
H05,heldout,disposition_tagging,Hindi,text,,"इनमें से एक कोड चुनें: payment_dispute, card_block, loan_query, kyc_update, complaint, info_only. सिर्फ़ कोड लिखें।
ग्राहक: तीन बार शिकायत की, कोई जवाब नहीं आया, आपकी सेवा बेकार है।",,classify,2,3,,"[{""type"": ""label"", ""value"": ""complaint""}]",
H06,heldout,disposition_tagging,Hindi,text,,"इनमें से एक कोड चुनें: payment_dispute, card_block, loan_query, kyc_update, complaint, info_only. सिर्फ़ कोड लिखें।
ग्राहक: मेरे पर्सनल लोन की अगली EMI कितनी है?",,classify,1,3,,"[{""type"": ""label"", ""value"": ""loan_query""}]",
H07,heldout,disposition_tagging,Hinglish,text,,"Pick one disposition code from: payment_dispute, card_block, loan_query, kyc_update, complaint, info_only. Reply with only the code.
Customer: bhai mera card ATM mein atak gaya, jaldi band karo",,classify,1,3,,"[{""type"": ""label"", ""value"": ""card_block""}]",
H08,heldout,disposition_tagging,Hinglish,text,,"Pick one disposition code from: payment_dispute, card_block, loan_query, kyc_update, complaint, info_only. Reply with only the code.
Customer: maine 2 baar complaint ki, abhi tak refund nahi aaya, ab main RBI ombudsman ko likhunga",,classify,2,3,,"[{""type"": ""label"", ""value"": ""complaint""}]",
H09,heldout,disposition_tagging,Hinglish,text,,"Pick one disposition code from: payment_dispute, card_block, loan_query, kyc_update, complaint, info_only. Reply with only the code.
Customer: bas FD rate puchna tha, 1 saal ka kitna hai?",,classify,1,3,,"[{""type"": ""label"", ""value"": ""info_only""}]",
H10,heldout,disposition_tagging,Tamil,text,,"Pick one disposition code from: payment_dispute, card_block, loan_query, kyc_update, complaint, info_only. Reply with only the code.
வாடிக்கையாளர்: என் கணக்கில் எனக்குத் தெரியாத ₹2,000 பரிவர்த்தனை தெரிகிறது.",,classify,2,3,,"[{""type"": ""label"", ""value"": ""payment_dispute""}]",
H11,heldout,call_summary,English,text,,"Summarise this call in 3 bullet points.
Agent: Thank you for calling, this is Meera. Customer: There's a charge of Rs 4,999 from 'QuickMart Online' on my credit card that I never made. Agent: I'm sorry. I've blocked the card and raised a dispute; a temporary credit will reflect in 2 working days and a new card ships in 5 days. Customer: Will I be charged interest on it? Agent: No, interest is waived while the dispute is open. I'll SMS the dispute reference now.",,summarize,2,80,,"[{""type"": ""keywords"", ""words"": [""dispute"", ""block"", ""2 working days|temporary credit""]}]",
H12,heldout,call_summary,English,text,,"Summarise this call for a compliance auditor. You must:
- list every commitment the agent made
- flag any mis-selling risk
- state whether a follow-up time was agreed
- keep it under 120 words
Agent: Good afternoon, you've reached Home Loans, this is Farah. Customer: I want to move my home loan of 42 lakh from another bank; they charge 9.4%. Agent: We can offer 8.65% on balance transfer, processing fee 0.5% capped at Rs 10,000, and a top-up of up to 10 lakh. You'll need the foreclosure letter, last 12 months' statements and property papers. Customer: How long does it take? Agent: About 10 working days after documents. I'll email the checklist today and call you Friday. Customer: Also, do I need to buy your home insurance? Agent: It's optional, but most customers take it.",,summarize,4,160,,"[{""type"": ""keywords"", ""words"": [""8.65"", ""10 working days"", ""friday"", ""insurance""]}]",
H13,heldout,call_summary,English,text,,"Write a post-call summary with: issue, resolution, next steps.
Agent: Good afternoon, you've reached Home Loans, this is Farah. Customer: I want to move my home loan of 42 lakh from another bank; they charge 9.4%. Agent: We can offer 8.65% on balance transfer, processing fee 0.5% capped at Rs 10,000, and a top-up of up to 10 lakh. You'll need the foreclosure letter, last 12 months' statements and property papers. Customer: How long does it take? Agent: About 10 working days after documents. I'll email the checklist today and call you Friday. Customer: Also, do I need to buy your home insurance? Agent: It's optional, but most customers take it.",,summarize,3,120,,"[{""type"": ""keywords"", ""words"": [""balance transfer"", ""8.65"", ""checklist""]}]",
H14,heldout,call_summary,Hinglish,text,,"Summarise this call in 3 bullet points in English.
Agent: Namaste, main Priya bol rahi hoon XYZ Finance se. Customer: haan, mera EMI ka auto-debit is mahine do baar ho gaya, 8,200 do baar kat gaye. Agent: Sorry sir, duplicate debit dikh raha hai. Refund 5 working days mein aa jayega. Customer: 5 din? mujhe rent dena hai. Agent: main ise priority pe daal deti hoon, 48 ghante mein try karenge. Customer: theek hai, SMS bhej dena. Agent: ji, ticket number SMS kar dungi.",,summarize,2,80,,"[{""type"": ""keywords"", ""words"": [""emi|debit"", ""twice|double|duplicate"", ""48""]}]",
H15,heldout,call_summary,Hinglish,text,,"Is call ka summary Hindi mein do lines mein likho.
Agent: Namaste, main Priya bol rahi hoon XYZ Finance se. Customer: haan, mera EMI ka auto-debit is mahine do baar ho gaya, 8,200 do baar kat gaye. Agent: Sorry sir, duplicate debit dikh raha hai. Refund 5 working days mein aa jayega. Customer: 5 din? mujhe rent dena hai. Agent: main ise priority pe daal deti hoon, 48 ghante mein try karenge. Customer: theek hai, SMS bhej dena. Agent: ji, ticket number SMS kar dungi.",,summarize,3,80,deva,"[{""type"": ""script"", ""script"": ""deva""}]",
H16,heldout,call_summary,Hinglish,text,,"Summarise this call. List the complaint, every commitment the agent made, flag any cross-selling, and state the next step. Answer in English.
Agent: Hello, main Arjun, SafeLife Insurance se. Customer: bhai mera claim 3 hafte se pending hai, hospital ka bill 64,000 ka tha. Agent: sir, discharge summary pe doctor ka sign nahi hai. Customer: toh pehle kyun nahi bataya? Agent: sorry sir, claim re-open kar raha hoon, signed copy upload kar dijiye, 7 din mein settle hoga. Aapko renewal ke saath naya top-up plan bhi le lena chahiye, sirf 2,000 extra. Customer: abhi nahi, pehle claim do.",,summarize,4,160,,"[{""type"": ""keywords"", ""words"": [""claim"", ""sign"", ""7 days|seven"", ""top-up|cross""]}]",
H17,heldout,call_summary,Hinglish,text,,"Summarise this collections call in English in 2 lines and state the promise-to-pay date.
Agent: Namaste, main Rakesh, QuickCredit se, aapki personal loan EMI 12,500 do mahine se overdue hai. Customer: haan pata hai, job chali gayi thi. Agent: samajh sakta hoon. Kya aap is mahine ki 25 tareekh tak ek EMI de sakte hain? Customer: 25 ko salary aayegi nayi job ki, tab ek EMI de dunga, baaki agle mahine. Agent: theek hai, main 25 tareekh ka promise-to-pay note kar raha hoon, late fee waiver ke liye request bhi daal dunga.",,summarize,3,70,,"[{""type"": ""keywords"", ""words"": [""25"", ""promise"", ""12,500|emi""]}]",
H18,heldout,call_summary,Tamil,text,,"Summarise this call in English in 2 lines.
முகவர்: வணக்கம், நான் கவிதா, சிட்டி வங்கியிலிருந்து. வாடிக்கையாளர்: என் வீட்டுக் கடன் வட்டி விகிதம் 9.5% ஆக உயர்ந்துவிட்டது, மற்ற வங்கிகள் 8.7% தருகின்றன. முகவர்: உங்களுக்கு 8.9% ஆக குறைக்க முடியும், அதற்கு ₹5,000 செயலாக்கக் கட்டணம் உண்டு. வாடிக்கையாளர்: சரி, யோசித்து நாளை சொல்கிறேன்.",,summarize,3,60,,"[{""type"": ""keywords"", ""words"": [""home loan"", ""8.9"", ""5,000|processing""]}]",
H19,heldout,call_summary,Bengali,text,,"এই কলটি বাংলায় এক লাইনে সংক্ষেপ করুন।
এজেন্ট: নমস্কার, আমি সুমন, ব্যাংক থেকে বলছি। গ্রাহক: আমার নেট ব্যাংকিং তিন দিন ধরে লক হয়ে আছে। এজেন্ট: আমি আনলক রিকোয়েস্ট দিয়েছি, ২৪ ঘণ্টার মধ্যে নতুন পাসওয়ার্ড এসএমএসে আসবে।",,summarize,2,40,beng,"[{""type"": ""script"", ""script"": ""beng""}]",
H20,heldout,call_summary,Hindi,text,,"इस कॉल का सारांश हिंदी में एक पंक्ति में लिखें।
एजेंट: नमस्ते, मैं अंकित, एचडीएक्स बैंक से। ग्राहक: मेरा डेबिट कार्ड विदेश में काम नहीं कर रहा। एजेंट: आपके कार्ड पर अंतरराष्ट्रीय लेनदेन बंद है, मैंने अभी चालू कर दिया है, 30 मिनट में काम करने लगेगा। ग्राहक: धन्यवाद।",,summarize,2,40,deva,"[{""type"": ""script"", ""script"": ""deva""}]",
H21,heldout,kyc_extraction,English,text,,"Extract JSON with keys account_holder, account_number_last4, statement_period, closing_balance.
STATEMENT: A/c holder: Ritu Menon | A/c no. XXXXXXXX4417 | Period 01-Jun-2026 to 30-Jun-2026 | Closing balance Rs 1,84,220.50 Cr",,extract,2,60,,"[{""type"": ""json_keys"", ""keys"": [""account_holder"", ""account_number_last4"", ""statement_period"", ""closing_balance""]}]",
H22,heldout,kyc_extraction,English,text,,"Extract a JSON object with keys employee, month, gross_pay, deductions (a list; each item has name and amount) and net_pay. Use null if missing.
SALARY SLIP: Employee Varun Iyer, July 2026. Basic 60,000; HRA 24,000; Special allowance 16,000. Deductions: PF 7,200; Professional tax 200; TDS 9,850. Net pay 82,750.",,extract,3,120,,"[{""type"": ""json_keys"", ""keys"": [""employee"", ""month"", ""gross_pay"", ""deductions"", ""net_pay""]}]",
H23,heldout,kyc_extraction,English,text,,"Extract a JSON object with keys claimant, policy_number and incidents (a list; each item has date, description, amount). Do not invent values; use null if missing.
Note: Claimant Anita Rao (policy HX-77120) reports water damage on 2 Feb costing 18,000; a stolen laptop on 9 Feb, about 62,000; and a cracked windshield on 11 Feb, amount not yet assessed.",,extract,3,160,,"[{""type"": ""json_keys"", ""keys"": [""claimant"", ""policy_number"", ""incidents""]}]",
H24,heldout,kyc_extraction,Hindi,text,,"नीचे दिए गए आवेदन से JSON निकालें, keys: name, loan_amount, tenure_months, purpose.
आवेदन: मेरा नाम सुरेश यादव है। मुझे अपनी दुकान के विस्तार के लिए ₹3,50,000 का ऋण 24 महीनों के लिए चाहिए।",,extract,2,60,,"[{""type"": ""json_keys"", ""keys"": [""name"", ""loan_amount"", ""tenure_months"", ""purpose""]}]",
H25,heldout,kyc_extraction,Hindi,text,,"नीचे की शिकायत से JSON निकालें: keys complainant, items (list, हर item में item और value), total_value. कोई मान न हो तो null लिखें।
शिकायत: मैं कविता शर्मा, 5 मार्च को मेरे घर से एक सोने की चेन (लगभग ₹85,000), एक मोबाइल (₹22,000) और कुछ नकद चोरी हो गए।",,extract,3,120,,"[{""type"": ""json_keys"", ""keys"": [""complainant"", ""items"", ""total_value""]}]",
H26,heldout,kyc_extraction,Hinglish,text,,"Field agent note ko JSON mein convert karo, keys: customer_name, business_type, monthly_income, loan_requested, visit_outcome.
Note: Ramesh ji ki kirana dukaan hai Nashik mein, mahine ki kamai lagbhag 45k bolte hain, 2 lakh ka business loan chahiye, shop verify ho gayi, documents kal denge.",,extract,3,80,,"[{""type"": ""json_keys"", ""keys"": [""customer_name"", ""business_type"", ""monthly_income"", ""loan_requested"", ""visit_outcome""]}]",
H27,heldout,kyc_extraction,Bengali,text,,"নিচের অনুরোধ থেকে JSON বের করুন, keys: name, old_address, new_address, document.
অনুরোধ: আমি প্রিয়া দাস, আমার ঠিকানা সল্টলেক থেকে বেহালায় পরিবর্তন করতে চাই, প্রমাণ হিসেবে বিদ্যুৎ বিল জমা দিচ্ছি।",,extract,2,60,,"[{""type"": ""json_keys"", ""keys"": [""name"", ""old_address"", ""new_address"", ""document""]}]",
H28,heldout,voice_agent,Hindi,voice,1500,"आप एक बैंक के वॉइस असिस्टेंट हैं। खाते का बैलेंस ₹12,450 है। ग्राहक: मेरा बैलेंस कितना है? छोटा जवाब दें।",,chat,1,25,deva,"[{""type"": ""script"", ""script"": ""deva""}, {""type"": ""keywords"", ""words"": [""12,?450|१२,?४५०""]}]",
H29,heldout,voice_agent,Hinglish,voice,1500,"You are a bank voice agent. Reply in Hinglish, max 2 sentences.
Customer: UPI PIN bhool gaya, naya kaise banau?",,chat,1,40,,"[{""type"": ""keywords"", ""words"": [""upi"", ""pin""]}]",
H30,heldout,voice_agent,Hinglish,voice,1500,"You are a bank voice agent. Next EMI: Rs 9,870 on 5 October. Reply in Hinglish, 1 sentence.
Customer: meri agli EMI kab hai?",,chat,1,30,,"[{""type"": ""keywords"", ""words"": [""5"", ""9,?870""]}]",
H31,heldout,voice_agent,English,voice,1500,"You are a bank voice agent. 1-year FD rate: 6.8%, senior citizens 7.3%. Reply in one sentence.
Customer: What's your one-year FD rate?",,chat,1,25,,"[{""type"": ""keywords"", ""words"": [""6.8""]}]",
H32,heldout,voice_agent,Hindi,voice,1500,"आप एक बैंक के वॉइस असिस्टेंट हैं। चेकबुक 2 अक्टूबर को भेजी गई, 3-5 दिन में पहुँचेगी। ग्राहक: मेरी चेकबुक कब आएगी? छोटा जवाब दें।",,chat,1,30,deva,"[{""type"": ""script"", ""script"": ""deva""}]",
H33,heldout,customer_notices,English→Hindi,text,,Translate into Hindi: Your KYC documents have been verified. Your account will be activated within 24 hours.,,translate,2,40,deva,"[{""type"": ""script"", ""script"": ""deva""}, {""type"": ""keywords"", ""words"": [""24""]}]",
H34,heldout,customer_notices,English→Tamil,text,,"Translate into Tamil: Your policy renewal premium of Rs 12,400 is due on 15 October. Pay before the due date to keep your cover active.",,translate,2,50,taml,"[{""type"": ""script"", ""script"": ""taml""}, {""type"": ""keywords"", ""words"": [""12,?400""]}]",
H35,heldout,customer_notices,English→Bengali,text,,"Translate into Bengali, keeping a formal legal tone: Despite reminders, your loan account remains overdue by 90 days. If the outstanding amount of Rs 1,12,000 is not paid within 15 days, the bank may initiate recovery proceedings as per the loan agreement.",,translate,3,90,beng,"[{""type"": ""script"", ""script"": ""beng""}]",
H36,heldout,customer_notices,Hindi→English,text,,Translate to English: कृपया अपना मोबाइल नंबर अपडेट करने के लिए नज़दीकी शाखा में जाएँ। आधार कार्ड साथ लाना अनिवार्य है।,,translate,2,40,,"[{""type"": ""keywords"", ""words"": [""mobile"", ""branch"", ""aadhaar|aadhar""]}]",
H37,heldout,compliance_review,English,text,,"Review this call for mis-selling. Was the home insurance presented as optional, and were costs disclosed? Give a verdict (compliant / at-risk / breach) and justify it step by step.
Agent: Good afternoon, you've reached Home Loans, this is Farah. Customer: I want to move my home loan of 42 lakh from another bank; they charge 9.4%. Agent: We can offer 8.65% on balance transfer, processing fee 0.5% capped at Rs 10,000, and a top-up of up to 10 lakh. You'll need the foreclosure letter, last 12 months' statements and property papers. Customer: How long does it take? Agent: About 10 working days after documents. I'll email the checklist today and call you Friday. Customer: Also, do I need to buy your home insurance? Agent: It's optional, but most customers take it.",,reasoning,4,250,,"[{""type"": ""keywords"", ""words"": [""optional"", ""at-risk|compliant|breach""]}]",
H38,heldout,compliance_review,Hinglish,text,,"Assess this complaint: severity (low/medium/high), regulatory risk, and draft a 3-line escalation note in English.
Customer: teen hafte se mera 45,000 ka refund atka hai, 4 baar call kiya, har baar naya ticket. Agar kal tak nahi hua toh RBI ombudsman aur consumer court dono jaunga.",,reasoning,4,180,,"[{""type"": ""keywords"", ""words"": [""high"", ""ombudsman|rbi"", ""escalat""]}]",
H39,heldout,compliance_review,English,text,,"Review these cash deposits into one savings account and explain step by step whether they suggest structuring to avoid reporting thresholds: 3 Mar Rs 49,000 (Andheri); 3 Mar Rs 48,500 (Bandra); 4 Mar Rs 49,500 (Dadar); 5 Mar Rs 49,000 (Andheri); 5 Mar Rs 47,000 (Kurla). Account's usual monthly credits: Rs 35,000 salary.",,reasoning,4,250,,"[{""type"": ""keywords"", ""words"": [""structur"", ""50,000"", ""branch""]}]",
H40,heldout,compliance_review,English,text,,"Draft a suspicious-activity report narrative (who, what, when, why suspicious, action taken) from these facts: Customer: trading firm opened 4 months ago. Received 23 inward remittances totalling Rs 2.1 crore from 9 unrelated individuals; funds moved out within 48 hours to 3 overseas accounts. Stated business: textile trading; no GST filings found. Account frozen on 12 Sep pending review.",,reasoning,5,350,,"[{""type"": ""keywords"", ""words"": [""remittance"", ""overseas|abroad"", ""48 hours"", ""frozen|freeze""]}]",
C01,calibration,disposition_tagging,English,text,,"Pick one disposition code from: payment_dispute, card_block, loan_query, kyc_update, complaint, info_only. Reply with only the code.
Customer: Just checking whether you're open on Saturday.",,classify,1,3,,"[{""type"": ""label"", ""value"": ""info_only""}]",
C02,calibration,disposition_tagging,English,text,,"Pick one disposition code from: payment_dispute, card_block, loan_query, kyc_update, complaint, info_only. Reply with only the code.
Customer: My UPI payment of 1,200 failed but money left my account.",,classify,1,3,,"[{""type"": ""label"", ""value"": ""payment_dispute""}]",
C03,calibration,disposition_tagging,Hindi,text,,"इनमें से एक कोड चुनें: payment_dispute, card_block, loan_query, kyc_update, complaint, info_only. सिर्फ़ कोड लिखें।
ग्राहक: मेरा क्रेडिट कार्ड चोरी हो गया है, तुरंत बंद करें।",,classify,1,3,,"[{""type"": ""label"", ""value"": ""card_block""}]",
C04,calibration,disposition_tagging,Hinglish,text,,"Pick one disposition code from: payment_dispute, card_block, loan_query, kyc_update, complaint, info_only. Reply with only the code.
Customer: home loan ka interest rate kam ho sakta hai kya?",,classify,1,3,,"[{""type"": ""label"", ""value"": ""loan_query""}]",
C05,calibration,disposition_tagging,Marathi,text,,"यापैकी एक कोड निवडा: payment_dispute, card_block, loan_query, kyc_update, complaint, info_only. फक्त कोड लिहा.
ग्राहक: माझा पॅन कार्ड खात्याशी जोडायचा आहे.",,classify,1,3,,"[{""type"": ""label"", ""value"": ""kyc_update""}]",
C06,calibration,disposition_tagging,Hinglish,text,,"Pick one disposition code from: payment_dispute, card_block, loan_query, kyc_update, complaint, info_only. Reply with only the code.
Customer: aapke agent ne bina puche insurance bech diya, mujhe paise wapas chahiye aur complaint darj karo",,classify,2,3,,"[{""type"": ""label"", ""value"": ""complaint""}]",
C07,calibration,call_summary,English,text,,"Summarise in 2 bullets: The customer called about a delayed refund of Rs 2,300 for a cancelled order. The agent confirmed the refund was initiated on 3 May and will reach the card in 7 working days.",,summarize,2,60,,"[{""type"": ""keywords"", ""words"": [""refund"", ""7""]}]",
C08,calibration,call_summary,English,text,,"Summarise this call for QA. You must:
- list commitments
- note whether interest waiver was promised
- flag anything the agent should not have said
- stay under 100 words
Agent: Thank you for calling, this is Meera. Customer: There's a charge of Rs 4,999 from 'QuickMart Online' on my credit card that I never made. Agent: I'm sorry. I've blocked the card and raised a dispute; a temporary credit will reflect in 2 working days and a new card ships in 5 days. Customer: Will I be charged interest on it? Agent: No, interest is waived while the dispute is open. I'll SMS the dispute reference now.",,summarize,3,140,,"[{""type"": ""keywords"", ""words"": [""dispute"", ""interest"", ""sms|reference""]}]",
C09,calibration,call_summary,Hinglish,text,,"Summarise this call in 2 bullet points in English.
Agent: Hello, Rohit bol raha hoon bank se. Customer: haan, mera netbanking lock ho gaya, OTP nahi aa raha. Agent: sir, 24 ghante mein unlock ho jayega, aadhar se verify karna padega. Customer: theek hai.",,summarize,2,50,,"[{""type"": ""keywords"", ""words"": [""netbanking|lock"", ""24"", ""aadhaar|aadhar""]}]",
C10,calibration,call_summary,Hinglish,text,,"Is call ko Hindi mein ek line mein summarise karo.
Agent: Hello, main Arjun, SafeLife Insurance se. Customer: bhai mera claim 3 hafte se pending hai, hospital ka bill 64,000 ka tha. Agent: sir, discharge summary pe doctor ka sign nahi hai. Customer: toh pehle kyun nahi bataya? Agent: sorry sir, claim re-open kar raha hoon, signed copy upload kar dijiye, 7 din mein settle hoga. Aapko renewal ke saath naya top-up plan bhi le lena chahiye, sirf 2,000 extra. Customer: abhi nahi, pehle claim do.",,summarize,3,50,deva,"[{""type"": ""script"", ""script"": ""deva""}]",
C11,calibration,call_summary,Telugu,text,,"Summarise in English in 2 lines:
ఏజెంట్: నమస్తే, నేను రవి, బ్యాంక్ నుండి. కస్టమర్: నా క్రెడిట్ కార్డ్ పరిమితి పెంచాలి. ఏజెంట్: మీ పరిమితిని ₹1,50,000 కి పెంచాము, రేపటి నుండి అమలులోకి వస్తుంది.",,summarize,3,50,,"[{""type"": ""keywords"", ""words"": [""limit"", ""1,50,000|150,000"", ""tomorrow""]}]",
C12,calibration,call_summary,Hinglish,text,,"Summarise this collections call in English and state the promise-to-pay date.
Agent: Sir, aapka credit card bill 18,400 overdue hai. Customer: 10 tareekh ko salary aayegi, tab pura bhar dunga. Agent: theek hai, 10 tareekh note kar raha hoon.",,summarize,2,50,,"[{""type"": ""keywords"", ""words"": [""10"", ""18,?400""]}]",
C13,calibration,call_summary,Kannada,text,,"ಈ ಕರೆಯನ್ನು ಕನ್ನಡದಲ್ಲಿ ಒಂದು ಸಾಲಿನಲ್ಲಿ ಸಂಕ್ಷಿಪ್ತಗೊಳಿಸಿ.
ಏಜೆಂಟ್: ನಿಮ್ಮ ಚಿನ್ನದ ಸಾಲದ ನವೀಕರಣ ಪೂರ್ಣಗೊಂಡಿದೆ. ಗ್ರಾಹಕ: ಧನ್ಯವಾದಗಳು, ಬಡ್ಡಿ ದರ ಏನು? ಏಜೆಂಟ್: ವಾರ್ಷಿಕ 9%.",,summarize,2,40,knda,"[{""type"": ""script"", ""script"": ""knda""}]",
C14,calibration,kyc_extraction,English,text,,"Extract JSON with keys name, phone, city from: 'Hi, I'm Farhan Qureshi from Lucknow, reach me on 98XXXXXX10.'",,extract,1,40,,"[{""type"": ""json_keys"", ""keys"": [""name"", ""phone"", ""city""]}]",
C15,calibration,kyc_extraction,English,text,,"Extract a JSON object with keys borrower, sanctioned_amount, rate, emi_schedule (a list with month and amount) from: Sanction letter for Neha Gupta: Rs 6,00,000 at 11.25% p.a. EMI Rs 19,720 from Nov 2026; first EMI pro-rated Rs 8,100 in Oct 2026.",,extract,3,120,,"[{""type"": ""json_keys"", ""keys"": [""borrower"", ""sanctioned_amount"", ""rate"", ""emi_schedule""]}]",
C16,calibration,kyc_extraction,Hindi,text,,"नीचे दिए गए संदेश से JSON निकालें, keys: name, city, complaint.
संदेश: मैं अनिल वर्मा, भोपाल से, मेरे खाते से दो बार ₹1,500 का शुल्क कट गया है।",,extract,2,40,,"[{""type"": ""json_keys"", ""keys"": [""name"", ""city"", ""complaint""]}]",
C17,calibration,kyc_extraction,Hinglish,text,,"Field note ko JSON mein badlo, keys: customer_name, occupation, income, loan_purpose.
Note: Sunita ji tailor hain Indore mein, 30k mahina kamati hain, sewing machine ke liye 80k chahiye.",,extract,3,60,,"[{""type"": ""json_keys"", ""keys"": [""customer_name"", ""occupation"", ""income"", ""loan_purpose""]}]",
C18,calibration,kyc_extraction,English,text,,"Extract JSON with keys cheque_number, payee, amount, date from: Cheque no. 004512 dated 12/09/2026, pay Sharma Traders Rs 45,000 only.",,extract,2,40,,"[{""type"": ""json_keys"", ""keys"": [""cheque_number"", ""payee"", ""amount"", ""date""]}]",
C19,calibration,customer_notices,English→Hindi,text,,Translate into Hindi: Your complaint has been registered. Reference number 44821.,,translate,1,30,deva,"[{""type"": ""script"", ""script"": ""deva""}]",
C20,calibration,customer_notices,English→Tamil,text,,Translate into Tamil: The branch will remain closed on Monday due to a public holiday.,,translate,2,30,taml,"[{""type"": ""script"", ""script"": ""taml""}]",
C21,calibration,customer_notices,Bengali→English,text,,Translate to English: আপনার ঋণের আবেদন অনুমোদিত হয়েছে। টাকা দুই দিনের মধ্যে আপনার অ্যাকাউন্টে জমা হবে।,,translate,2,30,,"[{""type"": ""keywords"", ""words"": [""loan"", ""approved"", ""two days|2 days""]}]",
C22,calibration,customer_notices,English→Telugu,text,,"Translate into Telugu: Your fixed deposit of Rs 2,00,000 will mature on 1 November and be auto-renewed unless you instruct otherwise.",,translate,2,50,telu,"[{""type"": ""script"", ""script"": ""telu""}]",
C23,calibration,call_summary,English,text,,"Summarise for the relationship manager. You must:
- compare the customer's current rate with our offer
- calculate the monthly saving step by step
- list documents pending
- recommend a next action
Agent: Good afternoon, you've reached Home Loans, this is Farah. Customer: I want to move my home loan of 42 lakh from another bank; they charge 9.4%. Agent: We can offer 8.65% on balance transfer, processing fee 0.5% capped at Rs 10,000, and a top-up of up to 10 lakh. You'll need the foreclosure letter, last 12 months' statements and property papers. Customer: How long does it take? Agent: About 10 working days after documents. I'll email the checklist today and call you Friday. Customer: Also, do I need to buy your home insurance? Agent: It's optional, but most customers take it.",,summarize,4,200,,"[{""type"": ""keywords"", ""words"": [""9.4"", ""8.65"", ""foreclosure""]}]",
C24,calibration,call_summary,Hinglish,text,,"Summarise this call. List every issue raised, every commitment made, and any cross-sell attempt. Answer in English.
Agent: Namaste, main Rakesh, QuickCredit se, aapki personal loan EMI 12,500 do mahine se overdue hai. Customer: haan pata hai, job chali gayi thi. Agent: samajh sakta hoon. Kya aap is mahine ki 25 tareekh tak ek EMI de sakte hain? Customer: 25 ko salary aayegi nayi job ki, tab ek EMI de dunga, baaki agle mahine. Agent: theek hai, main 25 tareekh ka promise-to-pay note kar raha hoon, late fee waiver ke liye request bhi daal dunga.",,summarize,4,150,,"[{""type"": ""keywords"", ""words"": [""25"", ""late fee|waiver"", ""overdue""]}]",
